{"cameraMode":{"drawMode":0,"name":"Shaded","section":"Shading Mode"},"sceneLighting":true,"audioPlay":false,"sceneViewState":{"m_AlwaysRefresh":false,"showFog":true,"showSkybox":true,"showFlares":true,"showImageEffects":true,"showParticleSystems":true,"showVisualEffectGraphs":true,"m_FxEnabled":true},"in2DMode":false,"pivot":{"x":2.214698314666748,"y":3.5104331970214845,"z":8.704263687133789},"rotation":{"x":0.025047408416867257,"y":-0.9738047122955322,"z":0.13406644761562348,"w":0.18203206360340119},"size":1.9424536228179932,"orthographic":false}